carId,carImg,brandLogo,brand,model,color,plateNumber,modelYear,seats,carSize,carType,fuelType,modDate,regDate,branchId,licenseType,driverMinAge,kmPer,priceValue,navigation,rearCamera,heatSeat,heatHandle,bluetooth,smartKey,sunRoof
1,AU_1.webp,AUDI.png,아우디즈,A76,white,12하3471,2023,5,중형,승용,휘발유,2026-02-27 15:00,2026-02-27 15:00,4,2,23,12.1km/L,1.5,1,1,1,0,1,1,0
2,AU_1.webp,AUDI.png,아우디즈,A76,gray,13하5902,2024,5,중형,승용,하이브리드,2026-02-27 15:00,2026-02-27 15:00,2,2,23,13.2km/kWh,1.5,1,1,0,1,1,1,0
3,AU_1.webp,AUDI.png,아우디즈,A76,black,14하8217,2025,5,중형,승용,경유,2026-02-27 15:00,2026-02-27 15:00,3,2,23,11.4km/L,1.5,1,1,1,0,1,1,0
4,AU_2.webp,AUDI.png,아우디즈,Q77,silver,15하4829,2023,5,중형,SUV,하이브리드,2026-02-27 15:00,2026-02-27 15:00,5,2,23,12.8km/kWh,1.5,1,1,1,0,1,1,0
5,AU_2.webp,AUDI.png,아우디즈,Q77,white,16하9034,2025,5,중형,SUV,휘발유,2026-02-27 15:00,2026-02-27 15:00,1,2,23,11.5km/L,1.5,1,1,0,1,1,1,0
6,AU_2.webp,AUDI.png,아우디즈,Q77,gray,17하6217,2022,5,중형,SUV,경유,2026-02-27 15:00,2026-02-27 15:00,3,2,23,10.7km/L,1.5,1,1,1,1,1,1,0
7,AU_3.webp,AUDI.png,아우디즈,NEW A55,silver,18하4309,2024,5,중형,승용,하이브리드,2026-02-27 15:00,2026-02-27 15:00,4,2,23,14.3km/kWh,1.5,1,1,1,0,1,1,0
8,AU_3.webp,AUDI.png,아우디즈,NEW A55,white,19하2841,2023,5,중형,승용,휘발유,2026-02-27 15:00,2026-02-27 15:00,5,2,23,13.5km/L,1.5,1,1,0,1,1,1,0
9,AU_3.webp,AUDI.png,아우디즈,NEW A55,black,11하9073,2025,5,중형,승용,경유,2026-02-27 15:00,2026-02-27 15:00,2,2,23,12.7km/L,1.5,1,1,1,1,1,1,0
10,AU_4.webp,AUDI.png,아우디즈,A88,gray,10하5623,2024,5,대형,승용,휘발유,2026-02-27 15:00,2026-02-27 15:00,3,2,23,12.8km/L,1.5,1,1,1,0,1,1,0
11,AU_4.webp,AUDI.png,아우디즈,A88,silver,11하7385,2023,5,대형,승용,하이브리드,2026-02-27 15:00,2026-02-27 15:00,4,2,23,13.7km/kWh,1.5,1,1,0,1,1,1,0
12,AU_4.webp,AUDI.png,아우디즈,A88,white,13하1287,2022,5,대형,승용,경유,2026-02-27 15:00,2026-02-27 15:00,2,2,23,12.1km/L,1.5,1,1,1,1,1,1,1
13,AU_5.webp,AUDI.png,아우디즈,Q55,gray,14하5093,2024,5,중형,SUV,하이브리드,2026-02-27 15:00,2026-02-27 15:00,5,2,23,13.2km/kWh,1.5,1,1,1,0,1,1,0
14,AU_5.webp,AUDI.png,아우디즈,Q55,white,15하6872,2025,5,중형,SUV,휘발유,2026-02-27 15:00,2026-02-27 15:00,1,2,23,12.4km/L,1.5,1,1,0,1,1,1,0
15,AU_5.webp,AUDI.png,아우디즈,Q55,black,16하9208,2023,5,중형,SUV,경유,2026-02-27 15:00,2026-02-27 15:00,4,2,23,11.8km/L,1.5,1,1,1,1,1,1,0
16,AU_6.webp,AUDI.png,아우디즈,A33,silver,17하6842,2024,5,경소형,승용,하이브리드,2026-02-27 15:00,2026-02-27 15:00,3,2,23,14.2km/kWh,1.5,1,1,1,0,1,1,0
17,AU_6.webp,AUDI.png,아우디즈,A33,white,18하3507,2025,5,경소형,승용,휘발유,2026-02-27 15:00,2026-02-27 15:00,4,2,23,13.4km/L,1.5,1,1,0,1,1,1,0
18,AU_6.webp,AUDI.png,아우디즈,A33,black,19하7428,2022,5,경소형,승용,경유,2026-02-27 15:00,2026-02-27 15:00,2,2,23,12.7km/L,1.5,1,1,1,1,1,1,0
19,AU_7.webp,AUDI.png,아우디즈,NEW Q66,gray,20하6310,2023,5,중형,SUV,하이브리드,2026-02-27 15:00,2026-02-27 15:00,3,2,23,14.4km/kWh,1.5,1,1,1,0,1,1,1
20,AU_7.webp,AUDI.png,아우디즈,NEW Q66,white,21하4829,2025,5,중형,SUV,휘발유,2026-02-27 15:00,2026-02-27 15:00,1,2,23,13.5km/L,1.5,1,1,0,1,1,1,0
21,AU_7.webp,AUDI.png,아우디즈,NEW Q66,black,22하9051,2022,5,중형,SUV,경유,2026-02-27 15:00,2026-02-27 15:00,4,2,23,12.8km/L,1.5,1,1,1,1,1,1,0
22,BE_1.webp,BENZ.png,빈츠,GC300,silver,23하4620,2023,5,중형,SUV,하이브리드,2026-02-27 15:00,2026-02-27 15:00,3,2,23,13.9km/kWh,1.5,1,1,1,0,1,1,0
23,BE_1.webp,BENZ.png,빈츠,GC300,white,24하7183,2025,5,중형,SUV,휘발유,2026-02-27 15:00,2026-02-27 15:00,2,2,23,13.1km/L,1.5,1,1,0,1,1,1,0
24,BE_1.webp,BENZ.png,빈츠,GC300,black,25하3945,2022,5,중형,SUV,경유,2026-02-27 15:00,2026-02-27 15:00,5,2,23,12.3km/L,1.5,1,1,1,1,1,1,0
25,BE_2.webp,BENZ.png,빈츠,A222,gray,26하5812,2023,5,경소형,승용,하이브리드,2026-02-27 15:00,2026-02-27 15:00,3,2,23,14.9km/kWh,1.5,1,1,1,0,1,1,0
26,BE_2.webp,BENZ.png,빈츠,A222,white,27하9043,2025,5,경소형,승용,휘발유,2026-02-27 15:00,2026-02-27 15:00,4,2,23,14.1km/L,1.5,1,1,0,1,1,1,0
27,BE_2.webp,BENZ.png,빈츠,A222,black,28하6721,2022,5,경소형,승용,경유,2026-02-27 15:00,2026-02-27 15:00,2,2,23,13.3km/L,1.5,1,1,1,1,1,1,0
28,BE_3.webp,BENZ.png,빈츠,GC350,gray,29하4837,2023,5,중형,SUV,하이브리드,2026-02-27 15:00,2026-02-27 15:00,3,2,23,14.1km/kWh,1.5,1,1,1,0,1,1,0
29,BE_3.webp,BENZ.png,빈츠,GC350,white,30하5921,2025,5,중형,SUV,휘발유,2026-02-27 15:00,2026-02-27 15:00,4,2,23,13.2km/L,1.5,1,1,0,1,1,1,0
30,BE_3.webp,BENZ.png,빈츠,GC350,red,31하7684,2022,5,중형,SUV,경유,2026-02-27 15:00,2026-02-27 15:00,1,2,23,12.8km/L,1.5,1,1,1,1,1,1,1
31,BE_4.webp,BENZ.png,빈츠,CC320,red,31하6829,2022,5,경소형,승용,경유,2026-02-27 15:00,2026-02-27 15:00,1,2,23,13.1km/L,1.5,1,1,1,1,1,1,1
32,BE_4.webp,BENZ.png,빈츠,CC320,black,32하4910,2024,5,경소형,승용,휘발유,2026-02-27 15:00,2026-02-27 15:00,5,2,23,13.4km/L,1.5,1,1,0,1,1,1,0
33,BE_4.webp,BENZ.png,빈츠,CC320,gray,33하3057,2023,5,경소형,승용,하이브리드,2026-02-27 15:00,2026-02-27 15:00,3,2,23,13.9km/kWh,1.5,1,1,1,0,1,1,0
34,BE_5.webp,BENZ.png,빈츠,SS520,gray,34하4821,2023,5,대형,승용,하이브리드,2026-02-27 15:00,2026-02-27 15:00,3,2,23,12.9km/kWh,1.5,1,1,1,0,1,1,0
35,BE_5.webp,BENZ.png,빈츠,SS520,black,35하7193,2024,5,대형,승용,휘발유,2026-02-27 15:00,2026-02-27 15:00,4,2,23,11.4km/L,1.5,1,1,0,1,1,1,0
36,BE_5.webp,BENZ.png,빈츠,SS520,white,36하2340,2022,5,대형,승용,경유,2026-02-27 15:00,2026-02-27 15:00,2,2,23,10.1km/L,1.5,1,1,1,1,1,1,0
37,BE_6.webp,BENZ.png,빈츠,GE320,silver,37하5812,2024,5,중형,SUV,휘발유,2026-02-27 15:00,2026-02-27 15:00,4,2,23,12.4km/L,1.5,1,1,1,0,1,1,0
38,BE_6.webp,BENZ.png,빈츠,GE320,gray,38하9046,2023,5,중형,SUV,하이브리드,2026-02-27 15:00,2026-02-27 15:00,1,2,23,12.9km/kWh,1.5,1,1,0,1,1,1,0
39,BE_6.webp,BENZ.png,빈츠,GE320,black,39하2473,2022,5,중형,SUV,경유,2026-02-27 15:00,2026-02-27 15:00,5,2,23,11.1km/L,1.5,1,1,1,1,1,1,0
40,BE_7.webp,BENZ.png,빈츠,EE360,silver,40하5827,2023,5,중형,승용,하이브리드,2026-02-27 15:00,2026-02-27 15:00,4,2,23,13.8km/kWh,1.5,1,1,1,0,1,1,0
41,BE_7.webp,BENZ.png,빈츠,EE360,black,41하9034,2024,5,중형,승용,휘발유,2026-02-27 15:00,2026-02-27 15:00,1,2,23,12.9km/L,1.5,1,1,0,1,1,1,0
42,BE_7.webp,BENZ.png,빈츠,EE360,gray,42하1679,2022,5,중형,승용,경유,2026-02-27 15:00,2026-02-27 15:00,3,2,23,12.1km/L,1.5,1,1,1,1,1,1,0
43,BE_8.webp,BENZ.png,빈츠,GS470,silver,43하5082,2024,5,대형,SUV,하이브리드,2026-02-27 15:00,2026-02-27 15:00,4,2,23,12.3km/kWh,1.5,1,1,0,1,1,1,0
44,BE_8.webp,BENZ.png,빈츠,GS470,black,44하7921,2023,5,대형,SUV,경유,2026-02-27 15:00,2026-02-27 15:00,2,2,23,11.1km/L,1.5,1,1,1,0,1,1,0
45,BE_8.webp,BENZ.png,빈츠,GS470,gray,45하1268,2022,5,대형,SUV,휘발유,2026-02-27 15:00,2026-02-27 15:00,3,2,23,11.7km/L,1.5,1,1,1,1,1,1,0
46,bmw_1.webp,BMW.png,DMW,DX1,silver,46하5812,2024,5,경소형,SUV,하이브리드,2026-02-27 15:00,2026-02-27 15:00,5,2,23,14.3km/kWh,1.5,1,1,1,0,1,1,0
47,bmw_1.webp,BMW.png,DMW,DX1,black,47하9034,2022,5,경소형,SUV,경유,2026-02-27 15:00,2026-02-27 15:00,1,2,23,12.1km/L,1.5,1,1,0,1,1,1,0
48,bmw_1.webp,BMW.png,DMW,DX1,gray,48하7209,2023,5,경소형,SUV,휘발유,2026-02-27 15:00,2026-02-27 15:00,4,2,23,13.7km/L,1.5,1,1,1,1,1,1,0
49,bmw_2.webp,BMW.png,DMW,DX4,silver,49하3816,2024,5,중형,SUV,하이브리드,2026-02-27 15:00,2026-02-27 15:00,3,2,23,14.5km/kWh,1.5,1,1,0,1,1,1,0
50,bmw_2.webp,BMW.png,DMW,DX4,white,50하6924,2025,5,중형,SUV,경유,2026-02-27 15:00,2026-02-27 15:00,2,2,23,12.4km/L,1.5,1,1,1,0,1,1,0
51,bmw_2.webp,BMW.png,DMW,DX4,gray,51하4703,2023,5,중형,SUV,휘발유,2026-02-27 15:00,2026-02-27 15:00,4,2,23,13.9km/L,1.5,1,1,1,1,1,1,0
52,bmw_3.webp,BMW.png,DMW,DX7,silver,52하6931,2024,5,대형,SUV,하이브리드,2026-02-27 15:00,2026-02-27 15:00,5,2,23,12.5km/kWh,1.5,1,1,1,1,1,1,0
53,bmw_3.webp,BMW.png,DMW,DX7,black,53하8205,2022,5,대형,SUV,경유,2026-02-27 15:00,2026-02-27 15:00,1,2,23,10.4km/L,1.5,1,1,1,1,1,1,1
54,bmw_3.webp,BMW.png,DMW,DX7,gray,54하5176,2025,5,대형,SUV,휘발유,2026-02-27 15:00,2026-02-27 15:00,3,2,23,10.9km/L,1.5,1,1,1,1,1,1,1
55,bmw_4.webp,BMW.png,DMW,IIX,silver,55하8203,2024,5,중형,SUV,하이브리드,2026-02-27 15:00,2026-02-27 15:00,4,2,23,14.5km/kWh,1.5,1,1,0,1,1,1,0
56,bmw_4.webp,BMW.png,DMW,IIX,black,56하4917,2023,5,중형,SUV,경유,2026-02-27 15:00,2026-02-27 15:00,1,2,23,13.4km/L,1.5,1,1,1,0,1,1,0
57,bmw_4.webp,BMW.png,DMW,IIX,gray,57하2735,2025,5,중형,SUV,휘발유,2026-02-27 15:00,2026-02-27 15:00,3,2,23,13.9km/L,1.5,1,1,1,1,1,1,0
58,bmw_5.webp,BMW.png,DMW,NEW X5,black,58하6104,2024,5,중형,승용,하이브리드,2026-02-27 15:00,2026-02-27 15:00,4,2,23,15.5km/kWh,1.5,1,1,0,1,1,1,0
59,bmw_5.webp,BMW.png,DMW,NEW X5,silver,59하2841,2023,5,중형,승용,휘발유,2026-02-27 15:00,2026-02-27 15:00,1,2,23,14.7km/L,1.5,1,1,1,0,1,1,0
60,bmw_5.webp,BMW.png,DMW,NEW X5,gray,60하9732,2025,5,중형,승용,경유,2026-02-27 15:00,2026-02-27 15:00,5,2,23,14.2km/L,1.5,1,1,1,1,1,1,0
61,bmw_6.webp,BMW.png,DMW,S4,silver,61하4208,2023,5,중형,승용,휘발유,2026-02-27 15:00,2026-02-27 15:00,2,2,23,12.4km/L,1.5,1,1,1,0,1,1,0
62,bmw_6.webp,BMW.png,DMW,S4,white,62하1384,2024,5,중형,승용,하이브리드,2026-02-27 15:00,2026-02-27 15:00,5,2,23,13.5km/kWh,1.5,1,1,0,1,1,1,0
63,bmw_6.webp,BMW.png,DMW,S4,gray,63하7920,2025,5,중형,승용,경유,2026-02-27 15:00,2026-02-27 15:00,3,2,23,11.2km/L,1.5,1,1,1,1,1,1,0
64,bmw_7.webp,BMW.png,DMW,NEW E3,silver,64하5821,2024,5,중형,승용,하이브리드,2026-02-27 15:00,2026-02-27 15:00,4,2,23,15.1km/kWh,1.5,1,1,1,0,1,1,0
65,bmw_7.webp,BMW.png,DMW,NEW E3,black,65하9034,2023,5,중형,승용,경유,2026-02-27 15:00,2026-02-27 15:00,5,2,23,13.2km/L,1.5,1,1,0,1,1,1,0
66,bmw_7.webp,BMW.png,DMW,NEW E3,white,66하4217,2025,5,중형,승용,휘발유,2026-02-27 15:00,2026-02-27 15:00,2,2,23,13.8km/L,1.5,1,1,1,1,1,1,0
67,BYZ_1.webp,BYZ.png,BYZ,SAEL,black,67하3841,2023,5,중형,SUV,휘발유,2026-02-27 15:00,2026-02-27 15:00,1,2,23,13.2km/L,1.5,1,1,1,0,1,1,0
68,BYZ_1.webp,BYZ.png,BYZ,SAEL,gray,68하2957,2024,5,중형,SUV,하이브리드,2026-02-27 15:00,2026-02-27 15:00,3,2,23,14.3km/kWh,1.5,1,1,0,1,1,1,0
69,BYZ_1.webp,BYZ.png,BYZ,SAEL,white,69하7064,2022,5,중형,SUV,경유,2026-02-27 15:00,2026-02-27 15:00,5,2,23,12.7km/L,1.5,1,1,1,1,1,1,0
70,BYZ_2.webp,BYZ.png,BYZ,POHL,silver,70하1825,2023,5,중형,SUV,경유,2026-02-27 15:00,2026-02-27 15:00,1,2,23,12.2km/L,1.5,1,1,1,0,1,1,0
71,BYZ_2.webp,BYZ.png,BYZ,POHL,black,71하4906,2025,5,중형,SUV,휘발유,2026-02-27 15:00,2026-02-27 15:00,4,2,23,12.8km/L,1.5,1,1,0,1,1,1,0
72,BYZ_2.webp,BYZ.png,BYZ,POHL,white,72하6083,2024,5,중형,SUV,하이브리드,2026-02-27 15:00,2026-02-27 15:00,5,2,23,13.3km/kWh,1.5,1,1,1,1,1,1,0
73,BYZ_3.webp,BYZ.png,BYZ,ATHOS,silver,73하3951,2022,5,중형,SUV,경유,2026-02-27 15:00,2026-02-27 15:00,3,2,23,13.5km/L,1.5,1,1,1,0,1,1,0
74,BYZ_3.webp,BYZ.png,BYZ,ATHOS,black,74하8620,2026,5,중형,SUV,휘발유,2026-02-27 15:00,2026-02-27 15:00,1,2,23,13.9km/L,1.5,1,1,0,1,1,1,0
75,BYZ_3.webp,BYZ.png,BYZ,ATHOS,white,75하5407,2023,5,중형,SUV,하이브리드,2026-02-27 15:00,2026-02-27 15:00,2,2,23,14.4km/kWh,1.5,1,1,1,1,1,1,0
76,BYZ_4.webp,BYZ.png,BYZ,LRINO,silver,76하8321,2024,5,중형,SUV,하이브리드,2026-02-27 15:00,2026-02-27 15:00,5,2,23,14.2km/kWh,1.5,1,1,1,0,1,1,0
77,BYZ_4.webp,BYZ.png,BYZ,LRINO,black,77하2910,2023,5,중형,SUV,휘발유,2026-02-27 15:00,2026-02-27 15:00,2,2,23,13.4km/L,1.5,1,1,0,1,1,1,0
78,BYZ_4.webp,BYZ.png,BYZ,LRINO,white,78하6543,2022,5,중형,SUV,경유,2026-02-27 15:00,2026-02-27 15:00,4,2,23,12.9km/L,1.5,1,1,1,1,1,1,0
79,fo_1.webp,FORD.png,푸도,트레블러,white,12호1201,2025,5,대형,SUV,휘발유,2026-02-27 15:00,2026-02-27 15:00,4,2,21,12.3km/L,1,1,1,1,1,1,1,0
80,fo_1.webp,FORD.png,푸도,트레블러,silver,11호0021,2022,5,대형,SUV,휘발유,2026-02-27 15:00,2026-02-27 15:00,2,2,21,12.3km/L,1,1,1,1,1,1,1,0
81,fo_1.webp,FORD.png,푸도,트레블러,black,23호0212,2023,5,대형,SUV,하이브리드,2026-02-27 15:00,2026-02-27 15:00,3,2,21,18.7km/kWh,1,1,1,1,1,1,1,1
82,hy_1.webp,HYUNDAI.png,한대,펠라이니,white,11호1322,2024,7,대형,SUV,휘발유,2026-02-27 15:00,2026-02-27 15:00,2,2,21,10.9km/L,1,1,1,1,1,1,1,1
83,hy_1.webp,HYUNDAI.png,한대,펠라이니,white,11호3321,2025,7,대형,SUV,휘발유,2026-02-27 15:00,2026-02-27 15:00,2,2,21,10.9km/L,1,1,1,1,1,1,1,1
84,hy_1.webp,HYUNDAI.png,한대,펠라이니,white,11호1021,2025,7,대형,SUV,휘발유,2026-02-27 15:00,2026-02-27 15:00,2,2,21,10.9km/L,1,1,1,1,1,1,1,1
85,hy_2.webp,HYUNDAI.png,한대,그랑조,black,21호4421,2022,5,중형,승용,하이브리드,2026-02-27 15:00,2026-02-27 15:00,2,2,21,18.9km/kWh,1,1,0,0,1,1,0,0
86,hy_2.webp,HYUNDAI.png,한대,그랑조,black,54호4421,2025,5,중형,승용,하이브리드,2026-02-27 15:00,2026-02-27 15:00,2,2,21,18.9km/kWh,1,1,1,1,1,1,1,1
87,hy_2.webp,HYUNDAI.png,한대,그랑조,black,31호0232,2023,5,중형,승용,휘발유,2026-02-27 15:00,2026-02-27 15:00,1,2,21,12.3km/L,1,1,1,1,1,1,1,0
88,hy_3.webp,HYUNDAI.png,한대,손아타,white,12호4521,2022,5,중형,승용,하이브리드,2026-02-27 15:00,2026-02-27 15:00,3,2,21,19.0km/kWh,1,1,1,1,1,1,1,0
89,hy_3.webp,HYUNDAI.png,한대,손아타,black,62호4442,2024,5,중형,승용,하이브리드,2026-02-27 15:00,2026-02-27 15:00,3,2,21,19.0km/kWh,1,1,1,1,1,1,1,1
90,hy_3.webp,HYUNDAI.png,한대,손아타,white,22호4117,2022,5,중형,승용,하이브리드,2026-02-27 15:00,2026-02-27 15:00,4,2,21,19.0km/kWh,1,1,1,1,1,1,1,1
91,hy_4.webp,HYUNDAI.png,한대,아아스3,white,21호4456,2022,5,중형,승용,휘발유,2026-02-27 15:00,2026-02-27 15:00,5,2,21,16.0km/L,1,1,1,1,1,1,1,0
92,hy_4.webp,HYUNDAI.png,한대,아아스3,white,21호1456,2022,5,중형,승용,휘발유,2026-02-27 15:00,2026-02-27 15:00,1,2,21,16.0km/L,1,1,1,1,1,1,1,1
93,hy_4.webp,HYUNDAI.png,한대,아아스3,white,21호4111,2022,5,중형,승용,휘발유,2026-02-27 15:00,2026-02-27 15:00,2,2,21,16.0km/L,1,1,1,1,1,1,1,1
94,hy_5.webp,HYUNDAI.png,한대,에스퍼,silver,21호4155,2025,5,경소형,SUV,하이브리드,2026-02-27 15:00,2026-02-27 15:00,2,2,21,21.0km/kWh,1,1,1,1,1,1,1,1
95,hy_5.webp,HYUNDAI.png,한대,에스퍼,silver,21호1116,2024,5,경소형,SUV,하이브리드,2026-02-27 15:00,2026-02-27 15:00,2,2,21,21.0km/kWh,1,1,1,1,1,1,1,1
96,hy_5.webp,HYUNDAI.png,한대,에스퍼,white,71호4546,2023,5,경소형,SUV,하이브리드,2026-02-27 15:00,2026-02-27 15:00,4,2,21,21.0km/kWh,1,1,1,1,1,1,1,1
97,hy_6.webp,HYUNDAI.png,한대,토싼,black,10호4821,2023,5,경소형,SUV,하이브리드,2026-02-27 15:00,2026-02-27 15:00,4,2,21,16.8km/kWh,1,1,1,1,1,1,1,1
98,hy_6.webp,HYUNDAI.png,한대,토싼,white,11호9034,2024,5,경소형,SUV,경유,2026-02-27 15:00,2026-02-27 15:00,3,2,21,12.8km/L,1,1,1,0,1,1,1,1
99,hy_6.webp,HYUNDAI.png,한대,토싼,gray,12호7742,2022,5,경소형,SUV,휘발유,2026-02-27 15:00,2026-02-27 15:00,5,2,21,11.5km/L,1,1,1,1,0,1,1,1
100,hy_7.webp,HYUNDAI.png,한대,코난,silver,13호2285,2024,5,경소형,SUV,경유,2026-02-27 15:00,2026-02-27 15:00,2,2,21,12.8km/L,1,1,1,0,1,1,1,1
101,hy_7.webp,HYUNDAI.png,한대,코난,black,14호6501,2023,5,경소형,SUV,하이브리드,2026-02-27 15:00,2026-02-27 15:00,1,2,21,16.8km/kWh,1,1,1,1,0,1,1,1
102,hy_7.webp,HYUNDAI.png,한대,코난,white,15호3194,2024,5,경소형,SUV,휘발유,2026-02-27 15:00,2026-02-27 15:00,4,2,21,11.5km/L,1,1,1,0,0,1,1,1
103,hy_8.webp,HYUNDAI.png,한대,더뉴코난,gray,16호5562,2022,5,경소형,SUV,경유,2026-02-27 15:00,2026-02-27 15:00,3,2,21,12.8km/L,1,1,1,1,1,1,1,1
104,hy_8.webp,HYUNDAI.png,한대,더뉴코난,silver,17호9810,2025,5,경소형,SUV,하이브리드,2026-02-27 15:00,2026-02-27 15:00,5,2,21,16.8km/kWh,1,1,1,0,1,1,1,1
105,hy_8.webp,HYUNDAI.png,한대,더뉴코난,black,18호4403,2023,5,경소형,SUV,경유,2026-02-27 15:00,2026-02-27 15:00,1,2,21,12.8km/L,1,1,1,0,0,1,1,1
106,hy_9.webp,HYUNDAI.png,한대,아이온,gray,19호2675,2024,5,중형,SUV,휘발유,2026-02-27 15:00,2026-02-27 15:00,2,2,21,11.5km/L,1,1,1,1,1,1,1,1
107,hy_9.webp,HYUNDAI.png,한대,아이온,silver,20호7432,2022,5,중형,SUV,경유,2026-02-27 15:00,2026-02-27 15:00,4,2,21,12.8km/L,1,1,1,1,0,1,1,1
108,hy_9.webp,HYUNDAI.png,한대,아이온,white,21호8964,2025,5,중형,SUV,하이브리드,2026-02-27 15:00,2026-02-27 15:00,3,2,21,16.8km/kWh,1,1,1,0,1,1,1,1
109,hy_10.webp,HYUNDAI.png,한대,태산,gray,22호5120,2024,5,중형,SUV,경유,2026-02-27 15:00,2026-02-27 15:00,5,2,21,12.8km/L,1,1,1,0,0,1,1,1
110,hy_10.webp,HYUNDAI.png,한대,태산,silver,23호7641,2023,5,중형,SUV,하이브리드,2026-02-27 15:00,2026-02-27 15:00,1,2,21,16.8km/kWh,1,1,1,1,0,1,1,1
111,hy_10.webp,HYUNDAI.png,한대,태산,black,24호4098,2025,5,중형,SUV,휘발유,2026-02-27 15:00,2026-02-27 15:00,2,2,21,11.5km/L,1,1,1,0,1,1,1,1
112,hy_11.webp,HYUNDAI.png,한대,산다패,gray,25호1706,2022,5,중형,SUV,경유,2026-02-27 15:00,2026-02-27 15:00,4,2,21,12.8km/L,1,1,1,1,0,1,1,1
113,hy_11.webp,HYUNDAI.png,한대,산다패,white,26호5839,2023,5,중형,SUV,하이브리드,2026-02-27 15:00,2026-02-27 15:00,3,2,21,16.8km/kWh,1,1,1,1,1,1,1,1
114,hy_11.webp,HYUNDAI.png,한대,산다패,silver,27호9422,2024,5,중형,SUV,휘발유,2026-02-27 15:00,2026-02-27 15:00,5,2,21,11.5km/L,1,1,1,0,0,1,1,1
115,hy_12.webp,HYUNDAI.png,한대,스타라아,black,28호3150,2025,12,대형,RV,경유,2026-02-27 15:00,2026-02-27 15:00,1,1,21,12.8km/L,1,1,1,1,1,1,1,1
116,hy_12.webp,HYUNDAI.png,한대,스타라아,gray,29호7601,2023,12,대형,RV,하이브리드,2026-02-27 15:00,2026-02-27 15:00,2,1,21,16.8km/kWh,1,1,1,0,0,1,1,1
117,hy_12.webp,HYUNDAI.png,한대,스타라아,white,30호4479,2024,12,대형,RV,휘발유,2026-02-27 15:00,2026-02-27 15:00,4,1,21,11.5km/L,1,1,1,1,1,1,1,1
118,hy_13.webp,HYUNDAI.png,한대,트러키,silver,31호9053,2025,3,대형,화물,경유,2026-02-27 15:00,2026-02-27 15:00,3,2,21,12.8km/L,1,1,1,0,1,1,1,1
119,hy_13.webp,HYUNDAI.png,한대,트러키,black,32호6241,2022,3,대형,화물,하이브리드,2026-02-27 15:00,2026-02-27 15:00,5,2,21,16.8km/kWh,1,1,1,0,0,1,1,1
120,hy_13.webp,HYUNDAI.png,한대,트러키,red,33호1702,2024,3,대형,화물,휘발유,2026-02-27 15:00,2026-02-27 15:00,1,2,21,11.5km/L,1,1,1,1,0,1,1,1
121,hy_14.webp,HYUNDAI.png,한대,아낙스,silver,34호5127,2023,5,중형,SUV,경유,2026-02-27 15:00,2026-02-27 15:00,4,2,21,12.8km/L,1,1,1,1,0,1,1,1
122,hy_14.webp,HYUNDAI.png,한대,아낙스,white,35호7840,2024,5,중형,SUV,하이브리드,2026-02-27 15:00,2026-02-27 15:00,3,2,21,16.8km/kWh,1,1,1,0,1,1,1,1
123,hy_14.webp,HYUNDAI.png,한대,아낙스,gray,36호1905,2025,5,중형,SUV,휘발유,2026-02-27 15:00,2026-02-27 15:00,5,2,21,11.5km/L,1,1,1,1,0,1,1,1
124,kia_1.webp,KIA.png,크아,WV-8,black,37호6621,2022,8,대형,RV,경유,2026-02-27 15:00,2026-02-27 15:00,1,2,21,12.8km/L,1,1,1,0,0,1,1,1
125,kia_1.webp,KIA.png,크아,WV-8,silver,38호4053,2023,8,대형,RV,하이브리드,2026-02-27 15:00,2026-02-27 15:00,2,2,21,16.8km/kWh,1,1,1,1,1,1,1,1
126,kia_1.webp,KIA.png,크아,WV-8,white,39호2704,2025,8,대형,RV,휘발유,2026-02-27 15:00,2026-02-27 15:00,4,2,21,11.5km/L,1,1,1,0,1,1,1,1
127,kia_2.webp,KIA.png,크아,WV-7,gray,40호8199,2024,5,중형,SUV,경유,2026-02-27 15:00,2026-02-27 15:00,3,2,21,12.8km/L,1,1,1,1,0,1,1,1
128,kia_2.webp,KIA.png,크아,WV-7,black,41호3308,2022,5,중형,SUV,하이브리드,2026-02-27 15:00,2026-02-27 15:00,5,2,21,16.8km/kWh,1,1,1,0,0,1,1,1
129,kia_2.webp,KIA.png,크아,WV-7,silver,42호7541,2023,5,중형,SUV,휘발유,2026-02-27 15:00,2026-02-27 15:00,1,2,21,11.5km/L,1,1,1,1,1,1,1,1
130,kia_3.webp,KIA.png,크아,WV-6,white,43호9602,2024,5,경소형,SUV,경유,2026-02-27 15:00,2026-02-27 15:00,2,2,21,12.8km/L,1,1,1,0,1,1,1,1
131,kia_3.webp,KIA.png,크아,WV-6,gray,44호1285,2025,5,경소형,SUV,하이브리드,2026-02-27 15:00,2026-02-27 15:00,4,2,21,16.8km/kWh,1,1,1,1,0,1,1,1
132,kia_3.webp,KIA.png,크아,WV-6,black,45호5591,2022,5,경소형,SUV,휘발유,2026-02-27 15:00,2026-02-27 15:00,3,2,21,11.5km/L,1,1,1,0,0,1,1,1
133,kia_4.webp,KIA.png,크아,WV-3,gray,46호6724,2024,5,경소형,세단,경유,2026-02-27 15:00,2026-02-27 15:00,5,2,21,12.8km/L,1,1,1,1,1,1,1,1
134,kia_4.webp,KIA.png,크아,WV-3,white,47호4308,2023,5,경소형,세단,하이브리드,2026-02-27 15:00,2026-02-27 15:00,1,2,21,16.8km/kWh,1,1,1,0,1,1,1,1
135,kia_4.webp,KIA.png,크아,WV-3,silver,48호9092,2025,5,경소형,세단,휘발유,2026-02-27 15:00,2026-02-27 15:00,2,2,21,11.5km/L,1,1,1,1,0,1,1,1
136,kia_5.webp,KIA.png,크아,WV-2,gray,49호7715,2022,5,경소형,SUV,경유,2026-02-27 15:00,2026-02-27 15:00,4,2,21,12.8km/L,1,1,1,0,0,1,1,1
137,kia_5.webp,KIA.png,크아,WV-2,white,50호1890,2024,5,경소형,SUV,하이브리드,2026-02-27 15:00,2026-02-27 15:00,3,2,21,16.8km/kWh,1,1,1,1,1,1,1,1
138,kia_5.webp,KIA.png,크아,WV-2,black,51호6247,2023,5,경소형,SUV,휘발유,2026-02-27 15:00,2026-02-27 15:00,5,2,21,11.5km/L,1,1,1,0,0,1,1,1
139,kia_6.webp,KIA.png,크아,로이,silver,52호8104,2025,5,경소형,RV,경유,2026-02-27 15:00,2026-02-27 15:00,1,2,21,12.8km/L,1,1,1,1,1,1,1,1
140,kia_6.webp,KIA.png,크아,로이,gray,53호2573,2022,5,경소형,RV,하이브리드,2026-02-27 15:00,2026-02-27 15:00,2,2,21,16.8km/kWh,1,1,1,0,1,1,1,1
141,kia_6.webp,KIA.png,크아,로이,white,54호9308,2023,5,경소형,RV,휘발유,2026-02-27 15:00,2026-02-27 15:00,4,2,21,11.5km/L,1,1,1,1,0,1,1,1
142,kia_7.webp,KIA.png,크아,달라스2,silver,55호6201,2024,5,중형,승용,경유,2026-02-27 15:00,2026-02-27 15:00,3,2,21,12.8km/L,1,1,1,0,0,1,1,1
143,kia_7.webp,KIA.png,크아,달라스2,gray,56호4429,2025,5,중형,승용,하이브리드,2026-02-27 15:00,2026-02-27 15:00,5,2,21,16.8km/kWh,1,1,1,1,1,1,1,1
144,kia_7.webp,KIA.png,크아,달라스2,black,57호7843,2022,5,중형,승용,휘발유,2026-02-27 15:00,2026-02-27 15:00,1,2,21,11.5km/L,1,1,1,0,1,1,1,1
145,kia_8.webp,KIA.png,크아,달라스3,white,58호3117,2023,5,대형,승용,경유,2026-02-27 15:00,2026-02-27 15:00,2,2,21,12.8km/L,1,1,1,1,0,1,1,1
146,kia_8.webp,KIA.png,크아,달라스3,silver,59호9506,2025,5,대형,승용,하이브리드,2026-02-27 15:00,2026-02-27 15:00,4,2,21,16.8km/kWh,1,1,1,0,1,1,1,1
147,kia_8.webp,KIA.png,크아,달라스3,gray,60호4021,2024,5,대형,승용,휘발유,2026-02-27 15:00,2026-02-27 15:00,3,2,21,11.5km/L,1,1,1,1,0,1,1,1
148,kia_9.webp,KIA.png,크아,다리니2,white,61호7449,2022,5,경소형,SUV,경유,2026-02-27 15:00,2026-02-27 15:00,5,2,21,12.8km/L,1,1,1,0,0,1,1,1
149,kia_9.webp,KIA.png,크아,다리니2,silver,62호1156,2023,5,경소형,SUV,하이브리드,2026-02-27 15:00,2026-02-27 15:00,1,2,21,16.8km/kWh,1,1,1,1,1,1,1,1
150,kia_9.webp,KIA.png,크아,다리니2,red,63호9840,2024,5,경소형,SUV,휘발유,2026-02-27 15:00,2026-02-27 15:00,2,2,21,11.5km/L,1,1,1,0,1,1,1,1
151,kia_10.webp,KIA.png,크아,다리니3,black,11호4572,2023,7,중형,SUV,경유,2026-02-27 15:00,2026-02-27 15:00,1,2,21,12.8km/L,1,1,1,0,1,1,1,1
152,kia_10.webp,KIA.png,크아,다리니3,gray,12호9031,2024,7,중형,SUV,하이브리드,2026-02-27 15:00,2026-02-27 15:00,5,2,21,16.8km/kWh,1,1,1,1,0,1,1,1
153,kia_10.webp,KIA.png,크아,다리니3,white,13호1284,2025,7,중형,SUV,휘발유,2026-02-27 15:00,2026-02-27 15:00,4,2,21,11.5km/L,1,1,1,0,1,1,1,0
154,kia_11.webp,KIA.png,크아,울라스2,silver,14호7720,2022,5,중형,SUV,경유,2026-02-27 15:00,2026-02-27 15:00,2,2,21,12.8km/L,1,1,1,1,1,1,1,0
155,kia_11.webp,KIA.png,크아,울라스2,black,15호5403,2023,5,중형,SUV,하이브리드,2026-02-27 15:00,2026-02-27 15:00,3,2,21,16.8km/kWh,1,1,1,0,0,1,1,1
156,kia_11.webp,KIA.png,크아,울라스2,gray,16호3498,2024,5,중형,SUV,휘발유,2026-02-27 15:00,2026-02-27 15:00,4,2,21,11.5km/L,1,1,1,1,1,1,1,0
157,kia_12.webp,KIA.png,크아,울라스5,white,17호2841,2025,5,중형,SUV,경유,2026-02-27 15:00,2026-02-27 15:00,5,2,21,12.8km/L,1,1,1,0,1,1,1,1
158,kia_12.webp,KIA.png,크아,울라스5,silver,18호9150,2022,5,중형,SUV,하이브리드,2026-02-27 15:00,2026-02-27 15:00,1,2,21,16.8km/kWh,1,1,1,0,0,1,1,0
159,kia_12.webp,KIA.png,크아,울라스5,gray,19호6614,2023,5,중형,SUV,휘발유,2026-02-27 15:00,2026-02-27 15:00,2,2,21,11.5km/L,1,1,1,1,0,1,1,1
160,kia_13.webp,KIA.png,크아,타재미,white,10호5532,2024,5,대형,화물,경유,2026-02-27 15:00,2026-02-27 15:00,3,1,21,12.8km/L,1,1,1,0,1,1,1,1
161,kia_13.webp,KIA.png,크아,타재미,black,11호8459,2022,5,대형,화물,하이브리드,2026-02-27 15:00,2026-02-27 15:00,4,1,21,16.8km/kWh,1,1,1,1,0,1,1,0
162,kia_13.webp,KIA.png,크아,타재미,gray,12호4301,2025,5,대형,화물,경유,2026-02-27 15:00,2026-02-27 15:00,5,1,21,12.8km/L,1,1,1,0,1,1,1,1
163,kia_14.webp,KIA.png,크아,타지마코,white,13호9823,2024,5,중형,RV,휘발유,2026-02-27 15:00,2026-02-27 15:00,1,1,21,11.5km/L,1,1,1,1,1,1,1,0
164,kia_14.webp,KIA.png,크아,타지마코,silver,14호7742,2023,5,중형,RV,하이브리드,2026-02-27 15:00,2026-02-27 15:00,2,1,21,16.8km/kWh,1,1,1,0,0,1,1,1
165,kia_14.webp,KIA.png,크아,타지마코,black,15호5098,2025,5,중형,RV,경유,2026-02-27 15:00,2026-02-27 15:00,3,1,21,12.8km/L,1,1,1,1,1,1,1,0
166,kia_15.webp,KIA.png,크아,뉴크럭,gray,16호2771,2022,5,중형,화물,휘발유,2026-02-27 15:00,2026-02-27 15:00,4,1,21,11.5km/L,1,1,1,0,1,1,1,1
167,kia_15.webp,KIA.png,크아,뉴크럭,white,17호8440,2023,5,중형,화물,경유,2026-02-27 15:00,2026-02-27 15:00,5,1,21,12.8km/L,1,1,1,1,0,1,1,0
168,kia_15.webp,KIA.png,크아,뉴크럭,silver,18호3925,2024,5,중형,화물,하이브리드,2026-02-27 15:00,2026-02-27 15:00,1,1,21,16.8km/kWh,1,1,1,0,1,1,1,1
169,kia_16.webp,KIA.png,크아,더뉴크럭,black,19호6881,2025,5,중형,화물,휘발유,2026-02-27 15:00,2026-02-27 15:00,3,1,21,11.5km/L,1,1,1,1,0,1,1,0
170,kia_16.webp,KIA.png,크아,더뉴크럭,gray,10호4499,2022,5,중형,화물,하이브리드,2026-02-27 15:00,2026-02-27 15:00,2,1,21,16.8km/kWh,1,1,1,0,1,1,1,1
171,kia_16.webp,KIA.png,크아,더뉴크럭,gray,10호4419,2022,5,중형,화물,하이브리드,2026-02-27 15:00,2026-02-27 15:00,1,1,21,16.8km/kWh,1,1,1,0,1,1,1,1
172,kia_17.webp,KIA.png,크아,RU2,gray,10호4444,2022,5,경소형,승용,하이브리드,2026-02-27 15:00,2026-02-27 15:00,1,2,21,16.8km/kWh,1,1,1,0,1,1,1,1
173,kia_17.webp,KIA.png,크아,RU2,gray,10호4439,2022,5,경소형,승용,하이브리드,2026-02-27 15:00,2026-02-27 15:00,1,2,21,16.8km/kWh,1,1,1,0,1,1,1,1
174,kia_17.webp,KIA.png,크아,RU2,gray,10호4429,2022,5,경소형,승용,하이브리드,2026-02-27 15:00,2026-02-27 15:00,1,2,21,16.8km/kWh,1,1,1,0,1,1,1,1
175,TE_1.webp,TESLA.png,테셀라,MODAL-30,white,20하0001,2024,5,중형,승용,하이브리드,2026-02-27 15:00,2026-02-27 15:00,3,2,23,12.3km/kWh,1.2,1,1,1,1,1,1,1
176,TE_1.webp,TESLA.png,테셀라,MODAL-30,white,20하0002,2024,5,중형,승용,하이브리드,2026-02-27 15:00,2026-02-27 15:00,4,2,23,12.3km/kWh,1.2,1,1,1,1,1,1,1
177,TE_1.webp,TESLA.png,테셀라,MODAL-30,black,20하0003,2024,5,중형,승용,경유,2026-02-27 15:00,2026-02-27 15:00,1,2,23,12.3km/L,1.2,1,1,1,1,1,1,1
178,TE_2.webp,TESLA.png,테셀라,MODAL-M,black,20하0004,2024,5,중형,SUV,하이브리드,2026-02-27 15:00,2026-02-27 15:00,1,2,23,12.3km/kWh,1.2,1,1,1,1,1,1,1
179,TE_2.webp,TESLA.png,테셀라,MODAL-M,black,20하0005,2024,5,중형,SUV,하이브리드,2026-02-27 15:00,2026-02-27 15:00,2,2,23,12.3km/kWh,1.2,1,1,1,1,1,1,1
180,TE_2.webp,TESLA.png,테셀라,MODAL-M,white,20하0006,2026,5,중형,SUV,휘발유,2026-02-27 15:00,2026-02-27 15:00,5,2,23,12.3km/L,1.2,1,1,1,1,1,1,1
181,TO_1.webp,TOYATA.png,토유,프라우드,red,20하0007,2024,5,중형,SUV,하이브리드,2026-02-27 15:00,2026-02-27 15:00,5,2,23,14.3km/kWh,1.2,1,1,1,1,1,1,1
182,TO_1.webp,TOYATA.png,토유,프라우드,white,20하0008,2024,5,중형,SUV,하이브리드,2026-02-27 15:00,2026-02-27 15:00,3,2,23,14.3km/kWh,1.2,1,1,1,1,1,1,1
183,TO_1.webp,TOYATA.png,토유,프라우드,white,20하0009,2024,5,중형,SUV,하이브리드,2026-02-27 15:00,2026-02-27 15:00,4,2,23,14.3km/kWh,1.2,1,1,1,1,1,1,1
184,TO_2.webp,TOYATA.png,토유,캄디,black,20하0010,2023,5,대형,SUV,휘발유,2026-02-27 15:00,2026-02-27 15:00,4,2,23,13.3km/L,1.2,1,1,1,1,1,1,1
185,TO_2.webp,TOYATA.png,토유,캄디,gray,20하0011,2023,5,대형,SUV,휘발유,2026-02-27 15:00,2026-02-27 15:00,1,2,23,13.3km/L,1.2,1,1,1,1,1,1,1
186,TO_2.webp,TOYATA.png,토유,캄디,white,20하0012,2023,5,대형,SUV,휘발유,2026-02-27 15:00,2026-02-27 15:00,2,2,23,13.3km/L,1.2,1,1,1,1,1,1,1
187,TO_3.webp,TOYATA.png,토유,프라운,white,20하0013,2024,5,대형,RV,하이브리드,2026-02-27 15:00,2026-02-27 15:00,2,2,23,12.3km/kWh,1.2,1,1,1,1,1,1,1
188,TO_3.webp,TOYATA.png,토유,프라운,white,20하0014,2024,5,대형,RV,하이브리드,2026-02-27 15:00,2026-02-27 15:00,2,2,23,12.3km/kWh,1.2,1,1,1,1,1,1,1
189,TO_3.webp,TOYATA.png,토유,프라운,white,20하0015,2024,5,대형,RV,휘발유,2026-02-27 15:00,2026-02-27 15:00,4,2,23,12.3km/L,1.2,1,1,1,1,1,1,1
190,TO_4.webp,TOYATA.png,토유,레브3,black,20하0016,2025,5,대형,RV,하이브리드,2026-02-27 15:00,2026-02-27 15:00,4,1,23,13.5km/kWh,1.2,1,1,1,1,1,1,1
191,TO_4.webp,TOYATA.png,토유,레브3,red,20하0017,2025,5,대형,RV,하이브리드,2026-02-27 15:00,2026-02-27 15:00,2,1,23,13.5km/kWh,1.2,1,1,1,1,1,1,1
192,TO_4.webp,TOYATA.png,토유,레브3,gray,20하0018,2025,5,대형,RV,휘발유,2026-02-27 15:00,2026-02-27 15:00,3,1,23,13.5km/L,1.2,1,1,1,1,1,1,1
193,TO_5.webp,TOYATA.png,토유,하이라인더,white,20하0019,2024,5,경소형,승용,휘발유,2026-02-27 15:00,2026-02-27 15:00,3,2,23,13.3km/L,1.2,1,1,1,1,1,1,1
194,TO_5.webp,TOYATA.png,토유,하이라인더,white,20하0020,2024,5,경소형,승용,하이브리드,2026-02-27 15:00,2026-02-27 15:00,5,2,23,13.3km/kWh,1.2,1,1,1,1,1,1,1
195,TO_5.webp,TOYATA.png,토유,하이라인더,white,20하0021,2024,5,경소형,승용,하이브리드,2026-02-27 15:00,2026-02-27 15:00,4,2,23,13.3km/kWh,1.2,1,1,1,1,1,1,1
196,TO_6.webp,TOYATA.png,토유,지에나,black,20하0022,2024,7,중형,승용,휘발유,2026-02-27 15:00,2026-02-27 15:00,4,2,23,13.0km/L,1.2,1,1,1,1,1,1,0
197,TO_6.webp,TOYATA.png,토유,지에나,black,20하0023,2024,7,중형,승용,하이브리드,2026-02-27 15:00,2026-02-27 15:00,2,2,23,13.0km/kWh,1.2,1,1,1,1,1,1,0
198,TO_6.webp,TOYATA.png,토유,지에나,white,20하0024,2024,7,중형,승용,하이브리드,2026-02-27 15:00,2026-02-27 15:00,1,2,23,13.0km/kWh,1.2,1,1,1,1,1,1,0
199,TO_7.webp,TOYATA.png,토유,아르파,white,20하0025,2024,7,중형,승용,하이브리드,2026-02-27 15:00,2026-02-27 15:00,1,2,23,12.2km/kWh,1.2,1,1,1,1,1,1,0
200,TO_7.webp,TOYATA.png,토유,아르파,white,20하0026,2024,7,중형,승용,휘발유,2026-02-27 15:00,2026-02-27 15:00,5,2,23,12.2km/L,1.2,1,1,1,1,1,1,0
201,TO_7.webp,TOYATA.png,토유,아르파,black,20하0027,2024,7,중형,승용,하이브리드,2026-02-27 15:00,2026-02-27 15:00,3,2,23,12.2km/kWh,1.2,1,1,1,1,1,1,0
202,LEX_1.webp,LEXUS.png,렉사드,AQ300,black,20하0028,2023,5,중형,승용,하이브리드,2026-02-27 15:00,2026-02-27 15:00,3,2,23,13.4km/kWh,1.2,1,1,1,1,1,1,0
203,LEX_1.webp,LEXUS.png,렉사드,AQ300,black,20하0029,2023,5,중형,승용,하이브리드,2026-02-27 15:00,2026-02-27 15:00,4,2,23,13.4km/kWh,1.2,1,1,1,1,1,1,0
204,LEX_1.webp,LEXUS.png,렉사드,AQ300,white,20하0030,2023,5,중형,승용,휘발유,2026-02-27 15:00,2026-02-27 15:00,1,2,23,13.4km/L,1.2,1,1,1,1,1,1,0
205,LEX_2.webp,LEXUS.png,렉사드,SL700,white,20하0031,2024,5,중형,SUV,하이브리드,2026-02-27 15:00,2026-02-27 15:00,1,2,23,13.6km/kWh,1.2,1,1,1,1,1,1,0
206,LEX_2.webp,LEXUS.png,렉사드,SL700,white,20하0032,2024,5,중형,SUV,휘발유,2026-02-27 15:00,2026-02-27 15:00,4,2,23,13.6km/L,1.2,1,1,1,1,1,1,0
207,LEX_2.webp,LEXUS.png,렉사드,SL700,white,20하0033,2024,5,중형,SUV,하이브리드,2026-02-27 15:00,2026-02-27 15:00,3,2,23,13.6km/kWh,1.2,1,1,1,1,1,1,0
208,LEX_3.webp,LEXUS.png,렉사드,CM100,white,20하0034,2023,5,대형,SUV,하이브리드,2026-02-27 15:00,2026-02-27 15:00,3,2,23,13.0km/kWh,1.2,1,1,1,1,1,1,0
209,LEX_3.webp,LEXUS.png,렉사드,CM100,black,20하0035,2023,5,대형,SUV,휘발유,2026-02-27 15:00,2026-02-27 15:00,1,2,23,13.0km/L,1.2,1,1,1,1,1,1,0
210,LEX_3.webp,LEXUS.png,렉사드,CM100,black,20하0036,2023,5,대형,SUV,하이브리드,2026-02-27 15:00,2026-02-27 15:00,2,2,23,13.0km/kWh,1.2,1,1,1,1,1,1,0
211,LEX_4.webp,LEXUS.png,렉사드,AM800,black,20하0037,2025,5,중형,SUV,하이브리드,2026-02-27 15:00,2026-02-27 15:00,2,2,23,13.7km/kWh,1.2,1,1,1,1,1,1,1
212,LEX_4.webp,LEXUS.png,렉사드,AM800,white,20하0038,2025,5,중형,SUV,하이브리드,2026-02-27 15:00,2026-02-27 15:00,4,2,23,13.7km/kWh,1.2,1,1,1,1,1,1,1
213,LEX_4.webp,LEXUS.png,렉사드,AM800,white,20하0039,2025,5,중형,SUV,휘발유,2026-02-27 15:00,2026-02-27 15:00,3,2,23,13.7km/L,1.2,1,1,1,1,1,1,1
214,rena_1.webp,RENAULT-KOREA.png,라노,Alkany,white,21하4021,2023,5,경소형,SUV,하이브리드,2026-02-27 15:00,2026-02-27 15:00,5,2,23,14.3km/kWh,1.2,1,1,1,0,1,1,0
215,rena_1.webp,RENAULT-KOREA.png,라노,Alkany,black,22하5173,2024,5,경소형,SUV,휘발유,2026-02-27 15:00,2026-02-27 15:00,4,2,23,13.7km/L,1.2,1,1,0,1,1,1,0
216,rena_1.webp,RENAULT-KOREA.png,라노,Alkany,silver,23하6890,2022,5,경소형,SUV,경유,2026-02-27 15:00,2026-02-27 15:00,1,2,23,13.4km/L,1.2,1,1,1,1,1,1,0
217,rena_2.webp,RENAULT-KOREA.png,라노,Grand Colleo,white,24하1057,2023,5,중형,SUV,휘발유,2026-02-27 15:00,2026-02-27 15:00,4,2,23,13.4km/L,1.2,1,1,1,0,1,1,0
218,rena_2.webp,RENAULT-KOREA.png,라노,Grand Colleo,gray,25하3184,2025,5,중형,SUV,하이브리드,2026-02-27 15:00,2026-02-27 15:00,2,2,23,14.1km/kWh,1.2,1,1,0,1,1,1,0
219,rena_2.webp,RENAULT-KOREA.png,라노,Grand Colleo,black,26하4729,2024,5,중형,SUV,경유,2026-02-27 15:00,2026-02-27 15:00,3,2,23,13.1km/L,1.2,1,1,1,1,1,1,0
220,rena_3.webp,RENAULT-KOREA.png,라노,Semic,white,27하5831,2023,5,중형,SUV,휘발유,2026-02-27 15:00,2026-02-27 15:00,4,2,23,13.3km/L,1.2,1,1,1,0,1,1,0
221,rena_3.webp,RENAULT-KOREA.png,라노,Semic,gray,28하1947,2025,5,중형,SUV,하이브리드,2026-02-27 15:00,2026-02-27 15:00,2,2,23,13.9km/kWh,1.2,1,1,0,1,1,1,0
222,rena_3.webp,RENAULT-KOREA.png,라노,Semic,black,29하7620,2022,5,중형,SUV,경유,2026-02-27 15:00,2026-02-27 15:00,5,2,23,12.8km/L,1.2,1,1,1,1,1,1,0
223,VOL_1.webp,VOLVO.png,볼바즈,SV90,white,30하4812,2023,5,중형,승용,휘발유,2026-02-27 15:00,2026-02-27 15:00,4,2,23,13.6km/L,1.2,1,1,1,0,1,1,0
224,VOL_1.webp,VOLVO.png,볼바즈,SV90,gray,31하3957,2025,5,중형,승용,하이브리드,2026-02-27 15:00,2026-02-27 15:00,2,2,23,14.5km/kWh,1.2,1,1,0,1,1,1,0
225,VOL_1.webp,VOLVO.png,볼바즈,SV90,black,32하8671,2024,5,중형,승용,경유,2026-02-27 15:00,2026-02-27 15:00,5,2,23,13.1km/L,1.2,1,1,1,1,1,1,0
226,VOL_2.webp,VOLVO.png,볼바즈,CX60,gray,33하5902,2023,5,중형,SUV,경유,2026-02-27 15:00,2026-02-27 15:00,4,2,23,12.7km/L,1.2,1,1,1,0,1,1,0
227,VOL_2.webp,VOLVO.png,볼바즈,CX60,white,34하1745,2025,5,중형,SUV,휘발유,2026-02-27 15:00,2026-02-27 15:00,2,2,23,13.0km/L,1.2,1,1,0,1,1,1,0
228,VOL_2.webp,VOLVO.png,볼바즈,CX60,silver,35하9081,2024,5,중형,SUV,하이브리드,2026-02-27 15:00,2026-02-27 15:00,1,2,23,13.8km/kWh,1.2,1,1,1,1,1,1,0
229,VOL_3.webp,VOLVO.png,볼바즈,VV60,white,36하1472,2023,5,대형,SUV,경유,2026-02-27 15:00,2026-02-27 15:00,4,2,23,12.5km/L,1.2,1,1,1,0,1,1,0
230,VOL_3.webp,VOLVO.png,볼바즈,VV60,gray,37하3850,2025,5,대형,SUV,휘발유,2026-02-27 15:00,2026-02-27 15:00,2,2,23,12.9km/L,1.2,1,1,0,1,1,1,0
231,VOL_3.webp,VOLVO.png,볼바즈,VV60,silver,38하9027,2024,5,대형,SUV,하이브리드,2026-02-27 15:00,2026-02-27 15:00,5,2,23,13.3km/kWh,1.2,1,1,1,1,1,1,0
232,VOL_4.webp,VOLVO.png,볼바즈,VVC66,white,39하6142,2023,5,중형,승용,경유,2026-02-27 15:00,2026-02-27 15:00,4,2,23,12.1km/L,1.2,1,1,1,0,1,1,0
233,VOL_4.webp,VOLVO.png,볼바즈,VVC66,black,40하2738,2025,5,중형,승용,휘발유,2026-02-27 15:00,2026-02-27 15:00,2,2,23,12.7km/L,1.2,1,1,0,1,1,1,0
234,VOL_4.webp,VOLVO.png,볼바즈,VVC66,gray,41하8590,2024,5,중형,승용,하이브리드,2026-02-27 15:00,2026-02-27 15:00,5,2,23,13.4km/kWh,1.2,1,1,1,1,1,1,0
235,VOL_5.webp,VOLVO.png,볼바즈,VE70,white,42하7643,2023,5,경소형,SUV,하이브리드,2026-02-27 15:00,2026-02-27 15:00,4,2,23,14.9km/kWh,1.2,1,1,1,0,1,1,0
236,VOL_5.webp,VOLVO.png,볼바즈,VE70,black,43하2198,2025,5,경소형,SUV,경유,2026-02-27 15:00,2026-02-27 15:00,1,2,23,13.9km/L,1.2,1,1,0,1,1,1,0
237,VOL_5.webp,VOLVO.png,볼바즈,VE70,silver,44하5810,2024,5,경소형,SUV,휘발유,2026-02-27 15:00,2026-02-27 15:00,3,2,23,14.2km/L,1.2,1,1,1,1,1,1,0
238,CHE_1.webp,CHEVROLET.png,쉐레보,트레블레,white,45하7302,2023,5,경소형,SUV,휘발유,2026-02-27 15:00,2026-02-27 15:00,4,2,23,13.2km/L,1.2,1,1,1,0,1,1,0
239,CHE_1.webp,CHEVROLET.png,쉐레보,트레블레,silver,46하4187,2025,5,경소형,SUV,하이브리드,2026-02-27 15:00,2026-02-27 15:00,2,2,23,14.0km/kWh,1.2,1,1,0,1,1,1,0
240,CHE_1.webp,CHEVROLET.png,쉐레보,트레블레,black,47하9921,2022,5,경소형,SUV,경유,2026-02-27 15:00,2026-02-27 15:00,3,2,23,12.8km/L,1.2,1,1,1,1,1,1,0
241,CHE_2.webp,CHEVROLET.png,쉐레보,콜라로도,gray,48하4723,2023,5,대형,화물,경유,2026-02-27 15:00,2026-02-27 15:00,4,1,23,11.8km/L,1.2,1,1,1,0,1,1,0
242,CHE_2.webp,CHEVROLET.png,쉐레보,콜라로도,white,49하6058,2025,5,대형,화물,휘발유,2026-02-27 15:00,2026-02-27 15:00,1,1,23,12.2km/L,1.2,1,1,0,1,1,1,0
243,CHE_2.webp,CHEVROLET.png,쉐레보,콜라로도,black,50하3197,2022,5,대형,화물,하이브리드,2026-02-27 15:00,2026-02-27 15:00,2,1,23,13.1km/kWh,1.2,1,1,1,1,1,1,0
244,KGM_1.webp,KGM.png,KGB,티볼라,white,13허0001,2022,5,중형,SUV,휘발유,2026-02-27 15:00,2026-02-27 15:00,4,1,21,12.3km/L,1,1,1,1,1,1,1,0
245,KGM_1.webp,KGM.png,KGB,티볼라,white,13허0002,2022,5,중형,SUV,하이브리드,2026-02-27 15:00,2026-02-27 15:00,1,1,21,12.3km/kWh,1,1,1,1,0,1,0,0
246,KGM_1.webp,KGM.png,KGB,티볼라,white,13허0003,2022,5,중형,SUV,휘발유,2026-02-27 15:00,2026-02-27 15:00,2,1,21,12.3km/L,1,1,1,1,1,0,0,0
247,KGM_2.webp,KGM.png,KGB,레스턴,black,13허0011,2023,5,대형,SUV,경유,2026-02-27 15:00,2026-02-27 15:00,5,1,21,11km/L,1,1,1,1,1,0,0,0
248,KGM_2.webp,KGM.png,KGB,레스턴,white,13허0021,2023,5,대형,SUV,경유,2026-02-27 15:00,2026-02-27 15:00,4,1,21,11km/L,1,0,1,0,1,1,0,0
249,KGM_2.webp,KGM.png,KGB,레스턴,black,13허0031,2023,5,대형,SUV,하이브리드,2026-02-27 15:00,2026-02-27 15:00,2,1,21,11km/kWh,1,1,1,0,0,1,0,0
250,KGM_3.webp,KGM.png,KGB,에티언,white,13허0111,2025,5,경소형,SUV,휘발유,2026-02-27 15:00,2026-02-27 15:00,3,1,21,14km/L,1,1,1,0,0,0,0,0
251,KGM_3.webp,KGM.png,KGB,에티언,white,13허0211,2025,5,경소형,SUV,경유,2026-02-27 15:00,2026-02-27 15:00,1,1,21,14km/L,1,1,1,1,1,1,0,0
252,KGM_3.webp,KGM.png,KGB,에티언,gray,13허0311,2025,5,경소형,SUV,휘발유,2026-02-27 15:00,2026-02-27 15:00,2,1,21,14km/L,1,1,1,0,1,0,0,0
253,KGM_4.webp,KGM.png,KGB,도렉스,white,13허1111,2025,6,중형,SUV,휘발유,2026-02-27 15:00,2026-02-27 15:00,2,1,21,14km/L,1,1,1,1,1,1,0,0
254,KGM_4.webp,KGM.png,KGB,도렉스,black,13허2111,2025,6,중형,SUV,경유,2026-02-27 15:00,2026-02-27 15:00,1,1,21,14km/L,1,1,1,0,1,0,0,0
255,KGM_4.webp,KGM.png,KGB,도렉스,gray,13허3111,2025,6,중형,SUV,하이브리드,2026-02-27 15:00,2026-02-27 15:00,5,1,21,14km/kWh,1,0,0,1,1,1,0,0
256,KGM_5.webp,KGM.png,KGB,도뉴,white,13허4111,2025,6,중형,SUV,휘발유,2026-02-27 15:00,2026-02-27 15:00,5,1,21,12.4km/L,1,1,1,1,1,1,0,0
257,KGM_5.webp,KGM.png,KGB,도뉴,black,13허5111,2025,6,중형,SUV,경유,2026-02-27 15:00,2026-02-27 15:00,5,1,21,12.4km/L,1,1,1,1,1,1,0,0
258,KGM_5.webp,KGM.png,KGB,도뉴,white,13허6111,2025,6,중형,SUV,경유,2026-02-27 15:00,2026-02-27 15:00,4,1,21,12.4km/L,1,0,1,1,0,1,0,0
259,KGM_6.webp,KGM.png,KGB,무쓰,gray,13허7111,2025,4,대형,화물,휘발유,2026-02-27 15:00,2026-02-27 15:00,2,1,21,11.5km/L,1,1,1,1,1,1,0,0
260,KGM_6.webp,KGM.png,KGB,무쓰,yellow,13허8111,2025,4,대형,화물,휘발유,2026-02-27 15:00,2026-02-27 15:00,3,1,21,11.5km/L,1,1,1,0,1,0,0,0
261,KGM_6.webp,KGM.png,KGB,무쓰,white,13허9111,2025,4,대형,화물,하이브리드,2026-02-27 15:00,2026-02-27 15:00,2,1,21,11.5km/kWh,1,1,1,1,1,1,0,0
262,KGM_7.webp,KGM.png,KGB,디렉스,white,18허1023,2024,5,대형,화물,경유,2026-02-27 15:00,2026-02-27 15:00,5,1,23,11.2km/L,1.5,1,1,1,0,1,1,0
263,KGM_7.webp,KGM.png,KGB,디렉스,white,18허4023,2024,5,대형,화물,경유,2026-02-27 15:00,2026-02-27 15:00,5,1,23,11.2km/L,1.5,1,1,1,0,1,1,0
264,KGM_7.webp,KGM.png,KGB,디렉스,black,16허9301,2023,5,대형,화물,휘발유,2026-02-27 15:00,2026-02-27 15:00,1,1,23,12.6km/L,1.5,1,1,0,1,1,1,0
265,KGM_7.webp,KGM.png,KGB,디렉스,silver,12허5839,2025,5,대형,화물,하이브리드,2026-02-27 15:00,2026-02-27 15:00,3,1,23,13.1km/kWh,1.5,1,1,1,0,0,0,0
266,KGM_8.webp,KGM.png,KGB,엘디온,gray,13허5812,2025,5,대형,화물,하이브리드,2026-02-27 15:00,2026-02-27 15:00,2,1,23,13.1km/kWh,1.5,1,1,1,0,0,0,0
267,KGM_8.webp,KGM.png,KGB,엘디온,red,13허5813,2025,5,대형,화물,하이브리드,2026-02-27 15:00,2026-02-27 15:00,3,1,23,13.1km/kWh,1.5,1,1,1,0,0,1,0
268,KGM_8.webp,KGM.png,KGB,엘디온,white,13허5815,2025,5,대형,화물,하이브리드,2026-02-27 15:00,2026-02-27 15:00,1,1,23,13.1km/kWh,1.5,1,1,1,0,0,0,1
269,ZENE_1.webp,GENESIS.png,제네러스,GG80,black,14허4621,2023,5,중형,승용,경유,2026-02-27 15:00,2026-02-27 15:00,4,2,23,13.8km/L,1.5,1,1,0,1,1,1,0
270,ZENE_1.webp,GENESIS.png,제네러스,GG80,silver,15허7359,2024,5,중형,승용,휘발유,2026-02-27 15:00,2026-02-27 15:00,5,2,23,14.2km/L,1.5,1,1,1,0,1,1,0
271,ZENE_1.webp,GENESIS.png,제네러스,GG80,white,16허9082,2022,5,중형,승용,하이브리드,2026-02-27 15:00,2026-02-27 15:00,2,2,23,14.5km/kWh,1.5,1,1,0,1,1,1,0
272,ZENE_2.webp,GENESIS.png,제네러스,GE80,gray,17허4723,2023,5,중형,승용,경유,2026-02-27 15:00,2026-02-27 15:00,4,2,23,14.1km/L,1.5,1,1,1,0,1,1,0
273,ZENE_2.webp,GENESIS.png,제네러스,GE80,silver,18허5819,2025,5,중형,승용,휘발유,2026-02-27 15:00,2026-02-27 15:00,1,2,23,14.5km/L,1.5,1,1,0,1,1,1,0
274,ZENE_2.webp,GENESIS.png,제네러스,GE80,white,19허6937,2024,5,중형,승용,하이브리드,2026-02-27 15:00,2026-02-27 15:00,5,2,23,15.2km/kWh,1.5,1,1,1,0,1,1,0
275,ZENE_3.webp,GENESIS.png,제네러스,GG90,gray,20허4726,2023,5,대형,승용,경유,2026-02-27 15:00,2026-02-27 15:00,4,2,23,11.1km/L,1.5,1,1,1,1,1,1,1
276,ZENE_3.webp,GENESIS.png,제네러스,GG90,silver,21허5934,2025,5,대형,승용,휘발유,2026-02-27 15:00,2026-02-27 15:00,2,2,23,11.7km/L,1.5,1,1,1,1,1,1,1
277,ZENE_3.webp,GENESIS.png,제네러스,GG90,black,22허6841,2024,5,대형,승용,하이브리드,2026-02-27 15:00,2026-02-27 15:00,3,2,23,12.2km/kWh,1.5,1,1,1,1,1,1,1
278,ZENE_4.webp,GENESIS.png,제네러스,GGV6,white,23허4927,2023,5,중형,SUV,하이브리드,2026-02-27 15:00,2026-02-27 15:00,4,2,23,16.2km/kWh,1.5,1,1,0,1,1,1,0
279,ZENE_4.webp,GENESIS.png,제네러스,GGV6,gray,24허5819,2022,5,중형,SUV,휘발유,2026-02-27 15:00,2026-02-27 15:00,2,2,23,14.6km/L,1.5,1,1,1,0,1,1,0
280,ZENE_4.webp,GENESIS.png,제네러스,GGV6,black,25허6930,2025,5,중형,SUV,경유,2026-02-27 15:00,2026-02-27 15:00,1,2,23,14.1km/L,1.5,1,1,0,1,1,1,0
281,ZENE_5.webp,GENESIS.png,제네러스,GGV7,white,26허4821,2023,5,중형,SUV,하이브리드,2026-02-27 15:00,2026-02-27 15:00,5,2,23,14.2km/kWh,1.5,1,1,1,0,1,1,0
282,ZENE_5.webp,GENESIS.png,제네러스,GGV7,gray,27허5913,2025,5,중형,SUV,경유,2026-02-27 15:00,2026-02-27 15:00,4,2,23,13.2km/L,1.5,1,1,0,1,1,1,0
283,ZENE_5.webp,GENESIS.png,제네러스,GGV7,silver,28허7035,2024,5,중형,SUV,휘발유,2026-02-27 15:00,2026-02-27 15:00,2,2,23,13.7km/L,1.5,1,1,1,0,1,1,0
284,ZENE_6.webp,GENESIS.png,제네러스,GGV8,white,29허4827,2023,5,대형,SUV,하이브리드,2026-02-27 15:00,2026-02-27 15:00,5,2,23,14.0km/kWh,1.5,1,1,1,0,1,1,0
285,ZENE_6.webp,GENESIS.png,제네러스,GGV8,gray,30허5932,2026,5,대형,SUV,경유,2026-02-27 15:00,2026-02-27 15:00,4,2,23,12.8km/L,1.5,1,1,0,1,1,1,0
286,ZENE_6.webp,GENESIS.png,제네러스,GGV8,black,31허6840,2022,5,대형,SUV,휘발유,2026-02-27 15:00,2026-02-27 15:00,1,2,23,13.2km/L,1.5,1,1,1,0,1,1,0
287,boks_1.webp,VOLKSWAGEN.png,복스바그,ZOLF,gray,32하5921,2023,5,중형,승용,휘발유,2026-02-27 15:00,2026-02-27 15:00,4,2,23,13.6km/L,1.5,1,1,1,0,1,1,0
288,boks_1.webp,VOLKSWAGEN.png,복스바그,ZOLF,white,33하6087,2025,5,중형,승용,하이브리드,2026-02-27 15:00,2026-02-27 15:00,2,2,23,14.1km/kWh,1.5,1,1,0,1,1,1,1
289,boks_1.webp,VOLKSWAGEN.png,복스바그,ZOLF,black,34하7912,2024,5,중형,승용,경유,2026-02-27 15:00,2026-02-27 15:00,3,2,23,13.2km/L,1.5,1,1,1,0,1,1,1
290,boks_2.webp,VOLKSWAGEN.png,복스바그,ATLLOS,gray,35하4820,2023,5,대형,SUV,경유,2026-02-27 15:00,2026-02-27 15:00,5,2,23,11.4km/L,1.5,1,1,1,0,1,1,0
291,boks_2.webp,VOLKSWAGEN.png,복스바그,ATLLOS,silver,36하5903,2025,5,대형,SUV,하이브리드,2026-02-27 15:00,2026-02-27 15:00,1,2,23,13.5km/kWh,1.5,1,1,0,1,1,1,0
292,boks_2.webp,VOLKSWAGEN.png,복스바그,ATLLOS,white,37하7011,2022,5,대형,SUV,휘발유,2026-02-27 15:00,2026-02-27 15:00,4,2,23,12.1km/L,1.5,1,1,1,0,1,1,0
